Aktivitas,Durasi (detik)
Release E,9742100.0
Release A,7063078.95323741
Release C,5886817.0
Release D,4803766.0
Admission NC,123779.52054794521
CRP,60556.64296802235
Leucocytes,46083.96166516921
Admission IC,18362.34188034188
LacticAcid,14426.128294036062
IV Antibiotics,5899.372282608696
IV Liquid,4059.310391363023
ER Sepsis Triage,1193.272
Return ER,1117.3333333333333
Release B,810.0
ER Registration,643.9571428571429
ER Triage,405.2369172216936
